<TextureAtlas imagePath="sheet.png">
	<SubTexture name="Clubs10" x="560" y="760" width="140" height="190"/>
	<SubTexture name="Clubs2" x="280" y="1140" width="140" height="190"/>
	<SubTexture name="Clubs3" x="700" y="190" width="140" height="190"/>
	<SubTexture name="Clubs4" x="700" y="0" width="140" height="190"/>
	<SubTexture name="Clubs5" x="560" y="1710" width="140" height="190"/>
	<SubTexture name="Clubs6" x="560" y="1520" width="140" height="190"/>
	<SubTexture name="Clubs7" x="560" y="1330" width="140" height="190"/>
	<SubTexture name="Clubs8" x="560" y="1140" width="140" height="190"/>
	<SubTexture name="Clubs9" x="560" y="950" width="140" height="190"/>
	<SubTexture name="ClubsA" x="560" y="570" width="140" height="190"/>
	<SubTexture name="ClubsJ" x="560" y="380" width="140" height="190"/>
	<SubTexture name="ClubsK" x="560" y="190" width="140" height="190"/>
	<SubTexture name="ClubsQ" x="560" y="0" width="140" height="190"/>
	<SubTexture name="Diamonds10" x="420" y="190" width="140" height="190"/>
	<SubTexture name="Diamonds2" x="420" y="1710" width="140" height="190"/>
	<SubTexture name="Diamonds3" x="420" y="1520" width="140" height="190"/>
	<SubTexture name="Diamonds4" x="420" y="1330" width="140" height="190"/>
	<SubTexture name="Diamonds5" x="420" y="1140" width="140" height="190"/>
	<SubTexture name="Diamonds6" x="420" y="950" width="140" height="190"/>
	<SubTexture name="Diamonds7" x="420" y="760" width="140" height="190"/>
	<SubTexture name="Diamonds8" x="420" y="570" width="140" height="190"/>
	<SubTexture name="Diamonds9" x="420" y="380" width="140" height="190"/>
	<SubTexture name="DiamondsA" x="420" y="0" width="140" height="190"/>
	<SubTexture name="DiamondsJ" x="280" y="1710" width="140" height="190"/>
	<SubTexture name="DiamondsK" x="280" y="1520" width="140" height="190"/>
	<SubTexture name="DiamondsQ" x="280" y="1330" width="140" height="190"/>
	<SubTexture name="Hearts10" x="140" y="1520" width="140" height="190"/>
	<SubTexture name="Hearts2" x="700" y="380" width="140" height="190"/>
	<SubTexture name="Hearts3" x="280" y="950" width="140" height="190"/>
	<SubTexture name="Hearts4" x="280" y="760" width="140" height="190"/>
	<SubTexture name="Hearts5" x="280" y="570" width="140" height="190"/>
	<SubTexture name="Hearts6" x="280" y="380" width="140" height="190"/>
	<SubTexture name="Hearts7" x="280" y="190" width="140" height="190"/>
	<SubTexture name="Hearts8" x="280" y="0" width="140" height="190"/>
	<SubTexture name="Hearts9" x="140" y="1710" width="140" height="190"/>
	<SubTexture name="HeartsA" x="140" y="1330" width="140" height="190"/>
	<SubTexture name="HeartsJ" x="140" y="1140" width="140" height="190"/>
	<SubTexture name="HeartsK" x="140" y="950" width="140" height="190"/>
	<SubTexture name="HeartsQ" x="140" y="760" width="140" height="190"/>
	<SubTexture name="Joker" x="140" y="570" width="140" height="190"/>
	<SubTexture name="Spades10" x="0" y="760" width="140" height="190"/>
	<SubTexture name="Spades2" x="140" y="380" width="140" height="190"/>
	<SubTexture name="Spades3" x="140" y="190" width="140" height="190"/>
	<SubTexture name="Spades4" x="140" y="0" width="140" height="190"/>
	<SubTexture name="Spades5" x="0" y="1710" width="140" height="190"/>
	<SubTexture name="Spades6" x="0" y="1520" width="140" height="190"/>
	<SubTexture name="Spades7" x="0" y="1330" width="140" height="190"/>
	<SubTexture name="Spades8" x="0" y="1140" width="140" height="190"/>
	<SubTexture name="Spades9" x="0" y="950" width="140" height="190"/>
	<SubTexture name="SpadesA" x="0" y="570" width="140" height="190"/>
	<SubTexture name="SpadesJ" x="0" y="380" width="140" height="190"/>
	<SubTexture name="SpadesK" x="0" y="190" width="140" height="190"/>
	<SubTexture name="SpadesQ" x="0" y="0" width="140" height="190"/>
</TextureAtlas>
